{"cameraMode":{"drawMode":0,"name":"Shaded","section":"Shading Mode"},"sceneLighting":true,"audioPlay":false,"sceneViewState":{"showFog":true,"showMaterialUpdate":false,"showSkybox":true,"showFlares":true,"showImageEffects":true,"showParticleSystems":true,"showVisualEffectGraphs":true,"m_FxEnabled":true},"in2DMode":false,"pivot":{"x":0.9853124618530273,"y":13.954180717468262,"z":-25.029022216796876},"rotation":{"x":-0.05847957357764244,"y":-0.9069543480873108,"z":0.1342909187078476,"w":-0.39494994282722475},"size":29.575088500976564,"orthographic":false}