{"cameraMode":{"drawMode":0,"name":"Shaded","section":"Shading Mode"},"sceneLighting":true,"audioPlay":false,"sceneViewState":{"showFog":true,"showMaterialUpdate":false,"showSkybox":true,"showFlares":true,"showImageEffects":true,"showParticleSystems":true,"showVisualEffectGraphs":true,"m_FxEnabled":true},"in2DMode":false,"pivot":{"x":3.3063087463378908,"y":0.23352427780628205,"z":-6.753483772277832},"rotation":{"x":-0.03619387000799179,"y":-0.9571820497512817,"z":0.13732945919036866,"w":-0.25227975845336916},"size":10.214999198913575,"orthographic":false}